{
   "vrp-gecode-lns": {
      "time": 300,
      "optimal": false,
      "obj": 688,
      "sol": [
         [
            31,
            32,
            37,
            34,
            42,
            46,
            21,
            40,
            39,
            2,
            33,
            16,
            17,
            18,
            23,
            41
         ],
         [
            44,
            24,
            38,
            26,
            36,
            28,
            20,
            13,
            8,
            4,
            14,
            12,
            9,
            11,
            10,
            22,
            7
         ],
         [
            19,
            27,
            45,
            6,
            3,
            43,
            47,
            30,
            15,
            25,
            29,
            5,
            1,
            35
         ]
      ],
      "_extras": {
         "statistics": {
            "compiler": {
               "paths": 0,
               "flatBoolVars": 8097,
               "flatIntVars": 1277,
               "flatBoolConstraints": 1161,
               "flatIntConstraints": 8464,
               "evaluatedReifiedConstraints": 294,
               "evaluatedHalfReifiedConstraints": 7371,
               "eliminatedImplications": 153,
               "method": "minimize",
               "flatTime": 0.286932
            },
            "solver": {
               "initTime": 0.0512049,
               "solveTime": 299.713,
               "solutions": 119,
               "variables": 9374,
               "propagators": 9625,
               "propagations": 2043472136,
               "nodes": 6667495,
               "failures": 3230223,
               "restarts": 9676,
               "peakDepth": 191
            },
            "solution": {
               "nSolutions": 119
            }
         },
         "crash_reason": null,
         "time_to_last_solution": 283.915,
         "runner": "github-action"
      }
   },
   "vrp-gecode-lns-symm_weak": {
      "time": 300,
      "optimal": false,
      "obj": 718,
      "sol": [
         [
            7,
            14,
            28,
            20,
            40,
            38,
            47,
            39,
            43,
            46,
            42,
            11,
            44,
            35,
            45,
            27,
            3
         ],
         [
            41,
            32,
            36,
            18,
            17,
            5,
            8,
            33,
            4,
            26,
            24,
            12,
            25,
            23,
            6,
            34
         ],
         [
            19,
            13,
            29,
            16,
            1,
            31,
            15,
            30,
            21,
            9,
            2,
            37,
            22,
            10
         ]
      ],
      "_extras": {
         "statistics": {
            "compiler": {
               "paths": 0,
               "flatBoolVars": 8097,
               "flatIntVars": 1277,
               "flatBoolConstraints": 1161,
               "flatIntConstraints": 8465,
               "evaluatedReifiedConstraints": 294,
               "evaluatedHalfReifiedConstraints": 7371,
               "eliminatedImplications": 153,
               "method": "minimize",
               "flatTime": 0.290722
            },
            "solver": {
               "initTime": 0.051537,
               "solveTime": 299.709,
               "solutions": 91,
               "variables": 9374,
               "propagators": 9626,
               "propagations": 2211810683,
               "nodes": 6723410,
               "failures": 3260440,
               "restarts": 9424,
               "peakDepth": 179
            },
            "solution": {
               "nSolutions": 91
            }
         },
         "crash_reason": null,
         "time_to_last_solution": 295.105,
         "runner": "github-action"
      }
   },
   "vrp-gecode-lns-symm_strong": {
      "time": 300,
      "optimal": false,
      "obj": 686,
      "sol": [
         [
            31,
            7,
            35,
            9,
            27,
            3,
            43,
            47,
            24,
            40,
            25,
            15,
            42,
            46,
            34,
            37,
            41
         ],
         [
            23,
            18,
            17,
            5,
            13,
            33,
            19,
            10,
            45,
            32,
            11,
            2,
            39,
            21
         ],
         [
            16,
            20,
            29,
            8,
            26,
            36,
            22,
            6,
            12,
            38,
            30,
            44,
            28,
            1,
            4,
            14
         ]
      ],
      "_extras": {
         "statistics": {
            "compiler": {
               "paths": 0,
               "flatBoolVars": 8673,
               "flatIntVars": 1280,
               "flatBoolConstraints": 1449,
               "flatIntConstraints": 8758,
               "evaluatedReifiedConstraints": 726,
               "evaluatedHalfReifiedConstraints": 7374,
               "eliminatedImplications": 153,
               "method": "minimize",
               "flatTime": 0.304767
            },
            "solver": {
               "initTime": 0.0547648,
               "solveTime": 299.695,
               "solutions": 98,
               "variables": 9953,
               "propagators": 10207,
               "propagations": 2286411685,
               "nodes": 4756871,
               "failures": 2300875,
               "restarts": 7709,
               "peakDepth": 187
            },
            "solution": {
               "nSolutions": 98
            }
         },
         "crash_reason": null,
         "time_to_last_solution": 291.551,
         "runner": "github-action"
      }
   },
   "vrp-chuffed": {
      "time": 300,
      "optimal": false,
      "obj": 822,
      "sol": [
         [
            3,
            9,
            35,
            37,
            41,
            14,
            16,
            20,
            19,
            22,
            27,
            45,
            10,
            11,
            12,
            21,
            43,
            30,
            25,
            26,
            31
         ],
         [
            1,
            5,
            29,
            33,
            13,
            17,
            38,
            39,
            46,
            34,
            6,
            23,
            28,
            36,
            32
         ],
         [
            2,
            4,
            7,
            8,
            15,
            18,
            24,
            40,
            47,
            42,
            44
         ]
      ],
      "_extras": {
         "statistics": {
            "compiler": {
               "paths": 0,
               "flatBoolVars": 8097,
               "flatIntVars": 1413,
               "flatBoolConstraints": 1161,
               "flatIntConstraints": 8605,
               "evaluatedReifiedConstraints": 585,
               "evaluatedHalfReifiedConstraints": 7080,
               "eliminatedImplications": 153,
               "method": "minimize",
               "flatTime": 0.300054
            },
            "solver": {
               "nodes": 2774596,
               "failures": 1623727,
               "restarts": 3187,
               "variables": 188873,
               "intVars": 1434,
               "boolVariables": 187437,
               "propagators": 1985,
               "propagations": 937368340,
               "peakDepth": 2373,
               "nogoods": 1623727,
               "backjumps": 601731,
               "peakMem": 0.0,
               "time": 299.889,
               "initTime": 0.191,