{
   "vrp-gecode-lns": {
      "time": 300,
      "optimal": false,
      "obj": 688,
      "sol": [
         [
            31,
            32,
            37,
            34,
            42,
            46,
            21,
            40,
            39,
            2,
            33,
            16,
            17,
            18,
            23,
            41
         ],
         [
            44,
            24,
            38,
            26,
            36,
            28,
            20,
            13,
            8,
            4,
            14,
            12,
            9,
            11,
            10,
            22,
            7
         ],
         [
            19,
            27,
            45,
            6,
            3,
            43,
            47,
            30,
            15,
            25,
            29,
            5,
            1,
            35
         ]
      ],
      "_extras": {
         "statistics": {
            "compiler": {
               "paths": 0,
               "flatBoolVars": 8097,
               "flatIntVars": 1277,
               "flatBoolConstraints": 1161,
               "flatIntConstraints": 8464,
               "evaluatedReifiedConstraints": 294,
               "evaluatedHalfReifiedConstraints": 7371,
               "eliminatedImplications": 153,
               "method": "minimize",
               "flatTime": 0.286932
            },
            "solver": {
               "initTime": 0.0512049,
               "solveTime": 299.713,
               "solutions": 119,
               "variables": 9374,
               "propagators": 9625,
               "propagations": 2043472136,
               "nodes": 6667495,
               "failures": 3230223,
               "restarts": 9676,
               "peakDepth": 191
            },
            "solution": {
               "nSolutions": 119
            }
         },
         "crash_reason": null,
         "time_to_last_solution": 283.915
      }
   },
   "vrp-gecode-lns-symm_weak": {
      "time": 300,
      "optimal": false,
      "obj": 718,
      "sol": [
         [
            7,
            14,
            28,
            20,
            40,
            38,
            47,
            39,
            43,
            46,
            42,
            11,
            44,
            35,
            45,
            27,
            3
         ],
         [
            41,
            32,
            36,
            18,
            17,
            5,
            8,
            33,
            4,
            26,
            24,
            12,
            25,
            23,
            6,
            34
         ],
         [
            19,
            13,
            29,
            16,
            1,
            31,
            15,
            30,
            21,
            9,
            2,
            37,
            22,
            10
         ]
      ],
      "_extras": {
         "statistics": {
            "compiler": {
               "paths": 0,
               "flatBoolVars": 8097,
               "flatIntVars": 1277,
               "flatBoolConstraints": 1161,
               "flatIntConstraints": 8465,
               "evaluatedReifiedConstraints": 294,
               "evaluatedHalfReifiedConstraints": 7371,
               "eliminatedImplications": 153,
               "method": "minimize",
               "flatTime": 0.290722
            },
            "solver": {
               "initTime": 0.051537,
               "solveTime": 299.709,
               "solutions": 91,
               "variables": 9374,
               "propagators": 9626,
               "propagations": 2211810683,
               "nodes": 6723410,
               "failures": 3260440,
               "restarts": 9424,
               "peakDepth": 179
            },
            "solution": {
               "nSolutions": 91
            }
         },
         "crash_reason": null,
         "time_to_last_solution": 295.105
      }
   }
}