{
   "vrp-gecode-lns": {
      "time": 300,
      "optimal": false,
      "obj": 354,
      "sol": [
         [
            14,
            28,
            70,
            66,
            51
         ],
         [
            11,
            2,
            38,
            58,
            49,
            61
         ],
         [
            56,
            16,
            54,
            8,
            24,
            52
         ],
         [
            57
         ],
         [
            69,
            44
         ],
         [
            35,
            12,
            29
         ],
         [
            62,
            47,
            26
         ],
         [
            50,
            43,
            7,
            31,
            20
         ],
         [
            15,
            60,
            40
         ],
         [
            22,
            67,
            33,
            65,
            9
         ],
         [
            45,
            27,
            18
         ],
         [
            21,
            17
         ],
         [
            55,
            53,
            5,
            19,
            36,
            25
         ],
         [
            1
         ],
         [
            30,
            23,
            59,
            34
         ],
         [
            10,
            39,
            32
         ],
         [
            46
         ],
         [
            4,
            64,
            41,
            13,
            37,
            42
         ],
         [
            3,
            71,
            6
         ],
         [
            63,
            68,
            48
         ]
      ],
      "_extras": {
         "statistics": {
            "compiler": {
               "paths": 0,
               "flatBoolVars": 115420,
               "flatIntVars": 11863,
               "flatBoolConstraints": 11580,
               "flatIntConstraints": 118573,
               "evaluatedReifiedConstraints": 2920,
               "evaluatedHalfReifiedConstraints": 108180,
               "eliminatedImplications": 1500,
               "method": "minimize",
               "flatTime": 2.99995
            },
            "solver": {
               "initTime": 0.750113,
               "solveTime": 297.017,
               "solutions": 55,
               "variables": 127283,
               "propagators": 130153,
               "propagations": 1229913055,
               "nodes": 1335360,
               "failures": 602940,
               "restarts": 2327,
               "peakDepth": 1467
            },
            "solution": {
               "nSolutions": 55
            }
         },
         "crash_reason": null,
         "time_to_last_solution": 234.216,
         "runner": "github-action"
      }
   },
   "vrp-gecode-lns-symm_weak": {
      "time": 300,
      "optimal": false,
      "obj": 375,
      "sol": [
         [
            39,
            35,
            54
         ],
         [
            21
         ],
         [
            68,
            43,
            71,
            32,
            56,
            69
         ],
         [
            37,
            40,
            66
         ],
         [
            59,
            10
         ],
         [
            41,
            64,
            51,
            31
         ],
         [
            34
         ],
         [
            25,
            20,
            65,
            6,
            52,
            48
         ],
         [
            28,
            57,
            50,
            47,
            49
         ],
         [
            27,
            3
         ],
         [
            38,
            2,
            15,
            70,
            19
         ],
         [
            14,
            12,
            24,
            22
         ],
         [
            23
         ],
         [
            18,
            33,
            30,
            53,
            29
         ],
         [
            1
         ],
         [
            45,
            46,
            26,
            17,
            11
         ],
         [
            36,
            60,
            9,
            58,
            44,
            16
         ],
         [
            55,
            62,
            63,
            5,
            13
         ],
         [
            42,
            61,
            4,
            7
         ],
         [
            67,
            8
         ]
      ],
      "_extras": {
         "statistics": {
            "compiler": {
               "paths": 0,
               "flatBoolVars": 115420,
               "flatIntVars": 11863,
               "flatBoolConstraints": 11580,
               "flatIntConstraints": 118610,
               "evaluatedReifiedConstraints": 2920,
               "evaluatedHalfReifiedConstraints": 108180,
               "eliminatedImplications": 1500,
               "method": "minimize",
               "flatTime": 3.05541
            },
            "solver": {
               "initTime": 0.757164,
               "solveTime": 296.961,
               "solutions": 46,
               "variables": 127283,
               "propagators": 130190,
               "propagations": 1599771235,
               "nodes": 1012945,
               "failures": 454161,
               "restarts": 2001,
               "peakDepth": 1486
            },
            "solution": {
               "nSolutions": 46
            }
         },
         "crash_reason": null,
         "time_to_last_solution": 274.781,
         "runner": "github-action"
      }
   },
   "vrp-gecode-lns-symm_strong": {
      "time": 300,
      "optimal": false,
      "obj": null,
      "sol": null,
      "_extras": {
         "statistics": {
            "compiler": {
               "paths": 0,
               "flatBoolVars": 170140,
               "flatIntVars": 12053,
               "flatBoolConstraints": 38940,
               "flatIntConstraints": 146313,
               "evaluatedReifiedConstraints": 43960,
               "evaluatedHalfReifiedConstraints": 108370,
               "eliminatedImplications": 1500,
               "method": "minimize",
               "flatTime": 3.86756
            },
            "solver": {
               "nSolutions": 0
            },
            "solution": null
         },
         "crash_reason": null,
         "time_to_last_solution": null,
         "runner": "github-action"
      }
   }
}