{
    "model": "vrp-lns",
    "objs": [
        536,
        483,
        479,
        439,
        418,
        414,
        410,
        390,
        356,
        354,
        351,
        348,
        347,
        346,
        343,
        339,
        329,
        317,
        315,
        314,
        313,
        308,
        307,
        306,
        302,
        300,
        297,
        291,
        290,
        287,
        286
    ],
    "times": [
        1.0415313243865967,
        1.0584163665771484,
        1.0741238594055176,
        1.08998441696167,
        1.1062262058258057,
        1.122150182723999,
        1.249739170074463,
        1.2652041912078857,
        1.2803947925567627,
        1.2953991889953613,
        1.3648438453674316,
        1.378385066986084,
        1.3923406600952148,
        1.4065186977386475,
        1.4211013317108154,
        1.5140833854675293,
        1.5420129299163818,
        1.5557620525360107,
        1.5721681118011475,
        1.5888047218322754,
        1.640681266784668,
        1.7035706043243408,
        1.7167394161224365,
        1.7302486896514893,
        1.7438910007476807,
        1.7575511932373047,
        2.522737741470337,
        3.088526725769043,
        3.1245975494384766,
        3.6860411167144775,
        5.124067306518555
    ]
}