{
    "model": "vrp-lns",
    "objs": [
        536,
        456,
        432,
        414,
        401,
        393,
        379,
        376,
        371,
        370,
        367,
        360,
        350,
        349,
        316,
        314,
        313,
        310,
        305,
        301,
        290,
        288,
        287,
        286
    ],
    "times": [
        0.904726505279541,
        0.9275698661804199,
        0.9489409923553467,
        0.9880850315093994,
        1.007439136505127,
        1.0256845951080322,
        1.0501558780670166,
        1.113332748413086,
        1.162461280822754,
        1.2014620304107666,
        1.2945866584777832,
        1.3104517459869385,
        1.4115309715270996,
        1.502021312713623,
        1.8318331241607666,
        1.929391860961914,
        2.092979907989502,
        2.783982515335083,
        4.293945074081421,
        4.619767904281616,
        4.727725982666016,
        5.485220193862915,
        8.323049068450928,
        10.260451316833496
    ]
}