{
    "model": "vrp-plain",
    "objs": [
        532,
        451
    ],
    "times": [
        0.9571552276611328,
        0.967937707901001
    ]
}