{
    "model": "vrp-lns-symm_packs",
    "objs": [
        554,
        553,
        504,
        432,
        425,
        423,
        405,
        400,
        399,
        383,
        382,
        376,
        375,
        370,
        368,
        367,
        347,
        345,
        339,
        324,
        317,
        313,
        312,
        308,
        303,
        301,
        298,
        293,
        291,
        287,
        286
    ],
    "times": [
        1.200429916381836,
        1.2212121486663818,
        1.2398974895477295,
        1.289036750793457,
        1.3041112422943115,
        1.3214755058288574,
        1.3466966152191162,
        1.374190330505371,
        1.3922312259674072,
        1.4100675582885742,
        2.0596907138824463,
        2.0762767791748047,
        2.101350784301758,
        2.124427318572998,
        2.1471567153930664,
        2.1642770767211914,
        2.183102607727051,
        2.1998801231384277,
        2.216580629348755,
        2.8505961894989014,
        2.866875648498535,
        5.179436922073364,
        7.168238162994385,
        9.172298192977905,
        9.187984228134155,
        9.21340560913086,
        9.985726118087769,
        10.982906579971313,
        11.297457933425903,
        11.314602375030518,
        11.525663375854492
    ]
}