{
    "model": "vrp-luby",
    "objs": [
        536,
        488,
        474,
        470,
        467,
        430,
        423,
        420,
        386,
        377,
        364,
        333,
        321,
        311,
        310,
        304,
        294
    ],
    "times": [
        0.9817662239074707,
        1.0210371017456055,
        1.0583906173706055,
        1.1260697841644287,
        1.1653773784637451,
        1.2357540130615234,
        1.2728309631347656,
        1.4366629123687744,
        1.4748055934906006,
        1.556286096572876,
        2.0440850257873535,
        2.323906660079956,
        5.012985944747925,
        11.401013135910034,
        11.898782014846802,
        68.56112670898438,
        86.95693778991699
    ]
}