{
    "model": "vrp-lns",
    "objs": [
        711,
        693,
        655,
        642,
        628,
        607,
        604,
        592,
        576,
        573,
        561,
        553,
        550,
        529,
        528,
        527,
        526,
        523,
        517,
        516,
        514,
        513,
        510,
        508,
        499,
        497,
        493,
        492,
        489,
        483,
        481,
        480,
        479,
        478,
        475,
        473,
        472,
        464,
        463,
        460,
        459,
        458,
        456,
        455,
        452,
        449,
        447,
        442,
        436,
        435,
        434,
        433,
        431,
        429,
        426,
        423,
        421,
        417,
        414,
        412,
        411,
        409,
        406,
        405,
        404,
        403,
        402,
        401,
        394,
        393,
        392,
        391,
        388,
        387,
        385,
        384,
        382,
        378,
        374,
        373,
        372,
        371,
        370,
        369,
        368,
        367,
        362,
        361,
        360,
        356,
        355,
        353,
        350,
        347,
        346
    ],
    "times": [
        2.455054521560669,
        2.520469903945923,
        2.584240436553955,
        2.6503090858459473,
        2.7125425338745117,
        2.771660566329956,
        2.834017038345337,
        2.8938791751861572,
        2.956408739089966,
        3.02327299118042,
        3.077484130859375,
        3.13541841506958,
        3.193033456802368,
        3.257758140563965,
        3.3247885704040527,
        3.3917922973632812,
        3.4515466690063477,
        3.5190181732177734,
        3.6450979709625244,
        3.712430953979492,
        3.7749288082122803,
        3.856280565261841,
        3.9151251316070557,
        3.9790642261505127,
        4.0470757484436035,
        4.267053127288818,
        4.371536016464233,
        4.45280385017395,
        4.543911933898926,
        4.719470500946045,
        4.96872091293335,
        5.033474683761597,
        5.098458290100098,
        5.168064832687378,
        6.1544225215911865,
        6.435403347015381,
        8.925675392150879,
        9.826707601547241,
        9.890302896499634,
        9.978075504302979,
        10.198590517044067,
        10.274132251739502,
        10.382923603057861,
        10.454282760620117,
        10.543598175048828,
        10.60990834236145,
        11.060554504394531,
        17.235201597213745,
        17.51889944076538,
        17.585357904434204,
        17.76324772834778,
        17.88111972808838,
        17.94756770133972,
        18.02820086479187,
        19.49477529525757,
        19.644556522369385,
        19.75602626800537,
        19.906400680541992,
        19.969579696655273,
        20.202155351638794,
        20.299914121627808,
        30.68346929550171,
        32.44980502128601,
        32.55129957199097,
        32.624701499938965,
        32.84356141090393,
        32.95265221595764,
        33.25987887382507,
        33.654658794403076,
        33.72342562675476,
        33.787163972854614,
        33.85382580757141,
        33.916510820388794,
        33.984705448150635,
        34.12753200531006,
        34.19033241271973,
        34.31475377082825,
        34.38321805000305,
        34.45388960838318,
        42.37901592254639,
        49.27480983734131,
        49.33384108543396,
        49.398093700408936,
        49.50390410423279,
        49.74925899505615,
        49.93406271934509,
        50.004921197891235,
        50.07330679893494,
        50.720308780670166,
        53.885194540023804,
        53.95298433303833,
        59.34152150154114,
        62.29951548576355,
        62.38353371620178,
        65.61787939071655
    ]
}