{
    "model": "vrp-luby",
    "objs": [
        711,
        706,
        663,
        606,
        604,
        596,
        591,
        576,
        569,
        567,
        565,
        564,
        562,
        559,
        547,
        539,
        536,
        533,
        530,
        528,
        525,
        520,
        516,
        509,
        501,
        500,
        491,
        485,
        484,
        482,
        481,
        479,
        478,
        475,
        466,
        465,
        463,
        443,
        441,
        440,
        437,
        434,
        432,
        428
    ],
    "times": [
        2.5557632446289062,
        2.995750665664673,
        3.226412773132324,
        3.6267452239990234,
        4.060446262359619,
        4.478001832962036,
        4.691364526748657,
        5.100603342056274,
        5.316853284835815,
        5.6441357135772705,
        5.923776388168335,
        6.2215752601623535,
        6.8001086711883545,
        7.065068244934082,
        7.297111749649048,
        7.545384407043457,
        7.8198676109313965,
        8.070604085922241,
        9.859833478927612,
        11.836773157119751,
        12.108850002288818,
        12.444352865219116,
        14.878046035766602,
        17.74773669242859,
        18.00915288925171,
        18.71348214149475,
        19.152475595474243,
        20.723034143447876,
        21.773765325546265,
        22.03102707862854,
        23.28295588493347,
        24.9435396194458,
        30.901697158813477,
        41.613903522491455,
        51.86671495437622,
        54.76282548904419,
        59.742193937301636,
        69.30581092834473,
        69.88048839569092,
        102.10640692710876,
        163.75612664222717,
        188.34240984916687,
        245.12797594070435,
        263.24594235420227
    ]
}