{
    "model": "vrp-lns",
    "objs": [
        711,
        705,
        699,
        684,
        649,
        627,
        625,
        618,
        615,
        597,
        592,
        589,
        578,
        575,
        573,
        564,
        553,
        547,
        539,
        521,
        519,
        512,
        510,
        504,
        499,
        498,
        489,
        488,
        487,
        483,
        479,
        475,
        474,
        472,
        471,
        464,
        463,
        461,
        459,
        457,
        450,
        448,
        446,
        445,
        444,
        440,
        436,
        435,
        431,
        423,
        416,
        413,
        412,
        411,
        409,
        407,
        404,
        403,
        401,
        400,
        399,
        398,
        391,
        388,
        387,
        386,
        384,
        381,
        377,
        375
    ],
    "times": [
        2.4270429611206055,
        2.511775493621826,
        2.577681303024292,
        2.6450939178466797,
        2.7072010040283203,
        2.775805711746216,
        2.8442599773406982,
        2.910431385040283,
        2.9736990928649902,
        3.0758063793182373,
        3.146871566772461,
        3.2630410194396973,
        3.3303396701812744,
        3.448000192642212,
        3.5453524589538574,
        3.6088709831237793,
        3.671367645263672,
        3.7685084342956543,
        3.898341417312622,
        3.972094774246216,
        4.0346925258636475,
        4.1091485023498535,
        4.289095163345337,
        4.362396240234375,
        4.472763538360596,
        4.537970542907715,
        4.612103462219238,
        4.845118522644043,
        4.92601752281189,
        5.334680080413818,
        5.579664945602417,
        5.656419515609741,
        6.9189231395721436,
        7.045434951782227,
        7.1143479347229,
        7.586891174316406,
        7.748056173324585,
        8.027477025985718,
        8.255236625671387,
        8.523484706878662,
        10.054490804672241,
        10.529387712478638,
        10.635133504867554,
        10.831243753433228,
        11.790698528289795,
        15.782880306243896,
        16.030532360076904,
        16.151886224746704,
        17.012691259384155,
        17.4712872505188,
        17.592193365097046,
        17.72210383415222,
        20.374058723449707,
        21.498213529586792,
        22.33592462539673,
        23.107824087142944,
        32.42433738708496,
        35.07265019416809,
        47.79457092285156,
        70.25873398780823,
        72.49383497238159,
        73.25620818138123,
        78.66440200805664,
        79.57180118560791,
        91.0916018486023,
        92.18359470367432,
        92.36339569091797,
        94.00976014137268,
        95.23385643959045,
        189.3829367160797
    ]
}