{
    "model": "vrp-lns-symm_packs",
    "objs": [
        874,
        785,
        778,
        740,
        731,
        711,
        685,
        681,
        679,
        673,
        659,
        658,
        656,
        644,
        637,
        621,
        620,
        617,
        615,
        602,
        600,
        590,
        583,
        581,
        580,
        575,
        572,
        569,
        564,
        560,
        558,
        556,
        553,
        552,
        550,
        548,
        545,
        539,
        538,
        537,
        531,
        523,
        514,
        508,
        491,
        490,
        488,
        477,
        474,
        472,
        468,
        457,
        454,
        453,
        451,
        447,
        446,
        443,
        438,
        431,
        429,
        425,
        424,
        423,
        422,
        421,
        417,
        416,
        412,
        411,
        408,
        401,
        398,
        397,
        396,
        395,
        392,
        389,
        388,
        385,
        383,
        380,
        376,
        374,
        373,
        372,
        371,
        370,
        368,
        367,
        366,
        363,
        362,
        361,
        358,
        357,
        356,
        355,
        354,
        350,
        349,
        348,
        347
    ],
    "times": [
        2.738171100616455,
        2.8351824283599854,
        2.9072983264923096,
        2.9781975746154785,
        3.050738573074341,
        3.116370439529419,
        3.191392421722412,
        3.2892589569091797,
        3.3750529289245605,
        3.4561755657196045,
        3.543844223022461,
        3.6146655082702637,
        3.6949455738067627,
        3.775108814239502,
        3.9598937034606934,
        4.0655999183654785,
        4.197949647903442,
        4.2826128005981445,
        4.3741536140441895,
        4.439789056777954,
        4.516611337661743,
        4.598286390304565,
        4.67620062828064,
        4.747645139694214,
        4.816921949386597,
        4.897489786148071,
        4.983685255050659,
        5.095467805862427,
        5.178278923034668,
        5.412321329116821,
        5.5467119216918945,
        5.659191608428955,
        5.733145475387573,
        5.802954435348511,
        5.89091420173645,
        5.961979150772095,
        6.031238794326782,
        6.103248119354248,
        6.175833225250244,
        6.248305320739746,
        6.348242282867432,
        6.41540265083313,
        6.480303764343262,
        6.547526836395264,
        6.616958379745483,
        7.515468597412109,
        8.236197233200073,
        8.455585241317749,
        9.620582103729248,
        9.687812089920044,
        9.754923105239868,
        9.826200723648071,
        9.900316953659058,
        9.975026845932007,
        10.078471183776855,
        11.479766368865967,
        11.570670127868652,
        11.702986240386963,
        11.811067819595337,
        12.008996725082397,
        12.085620880126953,
        12.20564079284668,
        12.750571966171265,
        12.931833744049072,
        14.247482538223267,
        18.266241550445557,
        19.42914581298828,
        19.51070475578308,
        19.586941719055176,
        20.0629985332489,
        20.786491870880127,
        20.931174516677856,
        21.016621112823486,
        21.386428594589233,
        21.50618886947632,
        21.622029781341553,
        21.903900384902954,
        22.001073598861694,
        22.090972185134888,
        22.17790722846985,
        23.85442042350769,
        23.93526840209961,
        24.019714832305908,
        24.135921478271484,
        24.51980471611023,
        24.598636865615845,
        24.842578649520874,
        24.998523235321045,
        25.084126472473145,
        25.32138204574585,
        26.783692359924316,
        26.904508352279663,
        32.34056544303894,
        32.5413236618042,
        41.38596320152283,
        42.03993344306946,
        47.15541100502014,
        47.29836344718933,
        48.14839291572571,
        72.42979216575623,
        73.96226263046265,
        80.66016626358032,
        176.35905981063843
    ]
}