{
    "model": "vrp-plain",
    "objs": [
        698,
        661,
        645,
        644,
        606,
        599,
        596,
        583,
        571,
        545,
        525,
        523,
        520,
        513,
        504,
        503,
        496,
        495,
        488,
        487,
        479,
        478,
        476,
        465,
        460,
        456,
        453,
        450,
        449
    ],
    "times": [
        2.1384637355804443,
        2.177858591079712,
        2.219024181365967,
        2.2619855403900146,
        2.302041530609131,
        2.3446881771087646,
        2.386928081512451,
        2.4286563396453857,
        2.4707865715026855,
        2.513654947280884,
        2.5529792308807373,
        2.5954480171203613,
        2.6405832767486572,
        2.6844754219055176,
        2.7275145053863525,
        2.769116163253784,
        2.8092637062072754,
        2.8500611782073975,
        2.897759437561035,
        2.9435455799102783,
        2.9891788959503174,
        3.035007953643799,
        3.0824360847473145,
        3.126734972000122,
        3.1718125343322754,
        3.2231321334838867,
        3.265099287033081,
        3.309669017791748,
        3.3527324199676514
    ]
}